编号,名称编码,编码显示,中文简体,中文繁体,英文,编码
1,A1,0,第三网站胶 Ver:1.0.0.0,第三網站膠 Ver:1.0.0.0,Third website glue Ver:1.0.0.0,A1
2,A2,0,修改,修改,Modify the,A2
3,A3,0,新增,新增,new,A3
4,A4,0,取消,取消,cancel,A4
5,A5,0,确定,確定,determine,A5
6,A6,0,参数资料,參數資料,Parameter data,A6
7,A7,0,备注,備註,note,A7
8,A8,0,详细设定,詳細設定,Detailed setting,A8
9,A9,0,参数编号,參數編號,Parameter number,A9
10,A10,0,版本,版本,version,A10
11,A11,0,修改,修改,Modify the,A11
12,A12,0,取消,取消,cancel,A12
13,A13,0,确定,確定,determine,A13
14,A14,0,设定数据,設定資料,Set the data,A14
15,A15,0,PropertyGrid,PropertyGrid,PropertyGrid,A15
16,A16,0,“说明”窗格,“說明”窗格,The Description pane,A16
17,A17,0,01.A Mirror 点胶位置,01.A Mirror 點膠位置,01.A Mirror dispensing position,A17
18,A18,0,第一个 Mirror 的点胶位置,第一個 Mirror 的點膠位置,The dispensing position of the first Mirror,A18
19,A19,0,Command Pane,Command Pane,Command Pane,A19
20,A20,0,PropertyGridView,PropertyGridView,PropertyGridView,A20
21,A21,0,PropertyGridToolBar,PropertyGridToolBar,PropertyGridToolBar,A21
22,A22,0,label2,label2,label2,A22
23,A23,0,信息显示,資訊顯示,Information display,A23
24,A24,0,状态显示,狀態顯示,Status display,A24
25,A25,0,手动/自动,手動/自動,Manual/automatic,A25
26,A26,0,IDLE,IDLE,IDLE,A26
27,A27,0,停止,停止,stop,A27
28,A28,0,启动,啟動,Start the,A28
29,A29,0,复位,復位,reset,A29
30,A30,0,清除警报,清除警報,Remove the alarm,A30
31,A31,0,静音,靜音,mute,A31
32,A32,0,警报,警報,The alarm,A32
33,A33,0,信息log,信息log,The log information,A33
34,A34,0,03:04:15.368 系统初始化......,03:04:15.368 系統初始化......,03:04:15.368 System initialization......,A34
35,A35,0,,,,A35
36,A36,0,保留,保留,keep,A36
37,A37,0,急停,急停,scram,A37
38,A38,0,UV灯上,UV燈上,On the UV lamp,A38
39,A39,0,UV灯下,UV燈下,Under the UV lamp,A39
40,A40,0,散热片上,散熱片上,On the heat sink,A40
41,A41,0,散热片下,散熱片下,Under the heat sink,A41
42,A42,0,总真空表,總真空表,Total vacuum gauge,A42
43,A43,0,产品真空表,產品真空表,Product vacuum gauge,A43
44,A44,0,料座真空表,料座真空表,Base vacuum gauge,A44
45,A45,0,总气压表,總氣壓錶,Total barometer,A45
46,A46,0,光幕,光幕,screen,A46
47,A47,0,速度,速度,speed,A47
48,A48,0,速度,速度,speed,A48
49,A49,0,手动/自动,手動/自動,Manual/automatic,A49
50,A50,0,吸嘴/点胶,吸嘴/點膠,Nozzle/dispensing,A50
51,A51,0,按钮1,按鈕1,Button 1,A51
52,A52,0,按钮2,按鈕2,Button 2,A52
53,A53,0,按钮3,按鈕3,Button 3,A53
54,A54,0,按钮4,按鈕4,Button 4,A54
55,A55,0,按钮5,按鈕5,Button 5,A55
56,A56,0,按钮6,按鈕6,Button (6),A56
57,A57,0,按钮7,按鈕7,Button 7,A57
58,A58,0,按钮8,按鈕8,8 button,A58
59,A59,0,按钮9,按鈕9,Button 9,A59
60,A60,0,按钮10,按鈕10,Button 10,A60
61,A61,0,按钮11,按鈕11,Button 11,A61
62,A62,0,按钮12,按鈕12,Button 12,A62
63,A63,0,激光测距,鐳射測距,Laser ranging,A63
64,A64,0,门禁,門禁,Entrance guard,A64
65,A65,0,POGO-ON,POGO-ON,POGO-ON,A65
66,A66,0,POGO-OFF,POGO-OFF,POGO-OFF,A66
67,A67,0,预留,預留,The reserved,A67
68,A68,0,预留,預留,The reserved,A68
69,A69,0,调试,調試,debugging,A69
70,A70,0,03.放料,03.放料,03. Feeding,A70
71,A71,0,02.校正偏移,02.校正偏移,02. Offset correction,A71
72,A72,0,1,1,1,A72
73,A73,0,04.点胶,04.點膠,04. Dispensing,A73
74,A74,0,IO Control,IO Control,IO Control,A74
75,A75,0,小灯条,小燈條,Small article lamp,A75
76,A76,0,风扇,風扇,fan,A76
77,A77,0,电磁铁,電磁鐵,electromagnet,A77
78,A78,0,蜂鸣器,蜂鳴器,buzzer,A78
79,A79,0,绿灯,綠燈,A green light,A79
80,A80,0,黄灯,黃燈,Yellow light,A80
81,A81,0,红灯,紅燈,A red light,A81
82,A82,0,刹车,刹車,The brake,A82
83,A83,0,日光灯,日光燈,Fluorescent lamp,A83
84,A84,0,点胶阀,點膠閥,The dispensing valve,A84
85,A85,0,UV,UV,UV,A85
86,A86,0,料座,料座,Material base,A86
87,A87,0,真空,真空,vacuum,A87
88,A88,0,散热下,散熱下,Under the heat dissipation,A88
89,A89,0,散热上,散熱上,On the heat dissipation,A89
90,A90,0,UV下,UV下,Under the UV,A90
91,A91,0,轴设定,軸設定,Axis set,A91
92,A92,0,UV上,UV上,UV on,A92
93,A93,0,UV上,UV上,UV on,A93
94,A94,0,UV下,UV下,Under the UV,A94
95,A95,0,散热上,散熱上,On the heat dissipation,A95
96,A96,0,散热下,散熱下,Under the heat dissipation,A96
97,A97,0,真空,真空,vacuum,A97
98,A98,0,料座,料座,Material base,A98
99,A99,0,UV,UV,UV,A99
100,A100,0,点胶阀,點膠閥,The dispensing valve,A100
101,A101,0,日光灯,日光燈,Fluorescent lamp,A101
102,A102,0,刹车,刹車,The brake,A102
103,A103,0,红灯,紅燈,A red light,A103
104,A104,0,黄灯,黃燈,Yellow light,A104
105,A105,0,绿灯,綠燈,A green light,A105
106,A106,0,蜂鸣器,蜂鳴器,buzzer,A106
107,A107,0,电磁铁,電磁鐵,electromagnet,A107
108,A108,0,风扇,風扇,fan,A108
109,A109,0,小灯条,小燈條,Small article lamp,A109
110,A110,0,手柄,手柄,The handle,A110
111,A111,0,POGO,POGO,POGO,A111
112,A112,0,测试时间,測試時間,The test of time,A112
113,A113,0,产品条形码,產品條碼,Product barcode,A113
114,A114,0,储存侦错图,儲存偵錯圖,Save the debug diagram,A114
115,A115,0,储存错误图,儲存錯誤圖,Storage error diagram,A115
116,A116,0,储存测试图,儲存測試圖,Storage test chart,A116
117,A117,0,操作条形码,操作條碼,Operating bar code,A117
118,A118,0,PASS,PASS,PASS,A118
119,A119,0,label10,label10,label10,A119
120,A120,0,,,,A120
121,A121,0,Reset,Reset,Reset,A121
122,A122,0,设定,設定,set,A122
123,A123,0,参数,參數,parameter,A123
124,A124,0,跑线,跑線,To run the line,A124
125,A125,0,8888/88/88 88/88,8888/88/88 88/88,8888/88/88 88/88,A125
126,A126,0,RUN,RUN,RUN,A126
127,A127,0,账号管理,帳號管理,Account management,A127
128,A128,0,admin,admin,admin,A128
129,A129,0,登入,登入,Log in to,A129
130,A130,0,注销,登出,The cancellation,A130
131,A131,0,8888/88/88 88/88,8888/88/88 88/88,8888/88/88 88/88,A131
132,A132,0,日期时间,日期時間,Date/time,A132
133,A133,0,0,0,0,A133
134,A134,0,0,0,0,A134
135,A135,0,0,0,0,A135
136,A136,0,0,0,0,A136
137,A137,0,NG,NG,NG,A137
138,A138,0,PASS,PASS,PASS,A138
139,A139,0,LoginForm,LoginForm,LoginForm,A139
140,A140,0,取消,取消,cancel,A140
141,A141,0,确定,確定,determine,A141
142,A142,0,用户密码,使用者密碼,The user password,A142
143,A143,0,使用者账号,使用者帳號,User account,A143
144,A144,0,轴设定窗口,軸設定視窗,Axis setting window,A144
145,A145,0,模块1 吸嘴(AXIS 012),模組1 吸嘴(AXIS 012),Module 1 Suction nozzle (AXIS 012),A145
146,A146,0,写入参数,寫入參數,In parameter,A146
147,A147,0,读取参数,讀取參數,Read the parameter,A147
148,A148,0,马达参数,馬達參數,The motor parameters,A148
149,A149,0,PropertyGrid,PropertyGrid,PropertyGrid,A149
150,A150,0,“说明”窗格,“說明”窗格,The Description pane,A150
151,A151,0,POS1(待命位置),POS1(待命位置),POS1(Standby position),A151
152,A152,0,POS1(待命位置),POS1(待命位置),POS1(Standby position),A152
153,A153,0,Command Pane,Command Pane,Command Pane,A153
154,A154,0,PropertyGridView,PropertyGridView,PropertyGridView,A154
155,A155,0,5,5,5,A155
156,A156,0,PropertyGridToolBar,PropertyGridToolBar,PropertyGridToolBar,A156
157,A157,0,轴-M2[ 轴3 ],軸-M2[ 軸3 ],Axis -M2[axis 3],A157
158,A158,0,groupBox2,groupBox2,groupBox2,A158
159,A159,0,SET,SET,SET,A159
160,A160,0,Speed.Auto,Speed.Auto,Speed.Auto,A160
161,A161,0,0,0,0,A161
162,A162,0,,,,A162
163,A163,0,,,,A163
164,A164,0,,,,A164
165,A165,0,0,0,0,A165
166,A166,0,Speed.Home.L,Speed.Home.L,Speed.Home.L,A166
167,A167,0,0,0,0,A167
168,A168,0,,,,A168
169,A169,0,,,,A169
170,A170,0,,,,A170
171,A171,0,0,0,0,A171
172,A172,0,SET,SET,SET,A172
173,A173,0,SET,SET,SET,A173
174,A174,0,,,,A174
175,A175,0,,,,A175
176,A176,0,,,,A176
177,A177,0,0,0,0,A177
178,A178,0,0,0,0,A178
179,A179,0,Speed.Hand,Speed.Hand,Speed.Hand,A179
180,A180,0,Speed.Home.H,Speed.Home.H,Speed.Home.H,A180
181,A181,0,0,0,0,A181
182,A182,0,,,,A182
183,A183,0,,,,A183
184,A184,0,,,,A184
185,A185,0,0,0,0,A185
186,A186,0,SET,SET,SET,A186
187,A187,0,Position,Position,Position,A187
188,A188,0,GO,GO,GO,A188
189,A189,0,SET,SET,SET,A189
190,A190,0,P6,P6,P6,A190
191,A191,0,GO,GO,GO,A191
192,A192,0,SET,SET,SET,A192
193,A193,0,P5,P5,P5,A193
194,A194,0,GO,GO,GO,A194
195,A195,0,SET,SET,SET,A195
196,A196,0,P4,P4,P4,A196
197,A197,0,GO,GO,GO,A197
198,A198,0,SET,SET,SET,A198
199,A199,0,P3,P3,P3,A199
200,A200,0,GO,GO,GO,A200
201,A201,0,SET,SET,SET,A201
202,A202,0,P2,P2,P2,A202
203,A203,0,GO,GO,GO,A203
204,A204,0,SET,SET,SET,A204
205,A205,0,5,5,5,A205
206,A206,0,P1,P1,P1,A206
207,A207,0,轴编号-M2,軸編號-M2,Axis Numbers - M2,A207
208,A208,0,-,-,-,A208
209,A209,0,+,+,+,A209
210,A210,0,↓,↓,left,A210
211,A211,0,归零,歸零,zero,A211
212,A212,0,↑,↑,write,A212
213,A213,0,定位至,定位至,Positioning to,A213
214,A214,0,mm,mm,mm,A214
215,A215,0,Dis=,Dis=,Dis=,A215
216,A216,0,,,,A216
217,A217,0,,,,A217
218,A218,0,,,,A218
219,A219,0,0,0,0,A219
220,A220,0,轴-M2 状态,軸-M2 狀態,Axis - M2,A220
221,A221,0,Slow,Slow,Slow,A221
222,A222,0,0,0,0,A222
223,A223,0,当前速度,當前速度,The current speed,A223
224,A224,0,Brake,Brake,Brake,A224
225,A225,0,SvrON,SvrON,SvrON,A225
226,A226,0,0,0,0,A226
227,A227,0,当前位置,當前位置,The current position,A227
228,A228,0,L+,L+,L+,A228
229,A229,0,H,H,H,A229
230,A230,0,L-,L-,L-,A230
231,A231,0,Error,Error,Error,A231
232,A232,0,Moving,Moving,Moving,A232
233,A233,0,Ready,Ready,Ready,A233
234,A234,0,写入参数,寫入參數,In parameter,A234
235,A235,0,读取参数,讀取參數,Read the parameter,A235
236,A236,0,马达参数,馬達參數,The motor parameters,A236
237,A237,0,PropertyGrid,PropertyGrid,PropertyGrid,A237
238,A238,0,“说明”窗格,“說明”窗格,The Description pane,A238
239,A239,0,POS1(待命位置),POS1(待命位置),POS1(Standby position),A239
240,A240,0,POS1(待命位置),POS1(待命位置),POS1(Standby position),A240
241,A241,0,Command Pane,Command Pane,Command Pane,A241
242,A242,0,PropertyGridView,PropertyGridView,PropertyGridView,A242
243,A243,0,5,5,5,A243
244,A244,0,PropertyGridToolBar,PropertyGridToolBar,PropertyGridToolBar,A244
245,A245,0,轴-M1[ 轴2 ],軸-M1[ 軸2 ],Axis -M1[Axis 2],A245
246,A246,0,groupBox2,groupBox2,groupBox2,A246
247,A247,0,SET,SET,SET,A247
248,A248,0,Speed.Auto,Speed.Auto,Speed.Auto,A248
249,A249,0,0,0,0,A249
250,A250,0,,,,A250
251,A251,0,,,,A251
252,A252,0,,,,A252
253,A253,0,0,0,0,A253
254,A254,0,Speed.Home.L,Speed.Home.L,Speed.Home.L,A254
255,A255,0,0,0,0,A255
256,A256,0,,,,A256
257,A257,0,,,,A257
258,A258,0,,,,A258
259,A259,0,0,0,0,A259
260,A260,0,SET,SET,SET,A260
261,A261,0,SET,SET,SET,A261
262,A262,0,,,,A262
263,A263,0,,,,A263
264,A264,0,,,,A264
265,A265,0,0,0,0,A265
266,A266,0,0,0,0,A266
267,A267,0,Speed.Hand,Speed.Hand,Speed.Hand,A267
268,A268,0,Speed.Home.H,Speed.Home.H,Speed.Home.H,A268
269,A269,0,0,0,0,A269
270,A270,0,,,,A270
271,A271,0,,,,A271
272,A272,0,,,,A272
273,A273,0,0,0,0,A273
274,A274,0,SET,SET,SET,A274
275,A275,0,Position,Position,Position,A275
276,A276,0,GO,GO,GO,A276
277,A277,0,SET,SET,SET,A277
278,A278,0,P6,P6,P6,A278
279,A279,0,GO,GO,GO,A279
280,A280,0,SET,SET,SET,A280
281,A281,0,P5,P5,P5,A281
282,A282,0,GO,GO,GO,A282
283,A283,0,SET,SET,SET,A283
284,A284,0,P4,P4,P4,A284
285,A285,0,GO,GO,GO,A285
286,A286,0,SET,SET,SET,A286
287,A287,0,P3,P3,P3,A287
288,A288,0,GO,GO,GO,A288
289,A289,0,SET,SET,SET,A289
290,A290,0,P2,P2,P2,A290
291,A291,0,GO,GO,GO,A291
292,A292,0,SET,SET,SET,A292
293,A293,0,5,5,5,A293
294,A294,0,P1,P1,P1,A294
295,A295,0,轴编号-M1,軸編號-M1,Axis Numbers - M1,A295
296,A296,0,-,-,-,A296
297,A297,0,+,+,+,A297
298,A298,0,↓,↓,left,A298
299,A299,0,归零,歸零,zero,A299
300,A300,0,↑,↑,write,A300
301,A301,0,定位至,定位至,Positioning to,A301
302,A302,0,mm,mm,mm,A302
303,A303,0,Dis=,Dis=,Dis=,A303
304,A304,0,,,,A304
305,A305,0,,,,A305
306,A306,0,,,,A306
307,A307,0,0,0,0,A307
308,A308,0,轴-M1 状态,軸-M1 狀態,Axis - M1 state,A308
309,A309,0,Slow,Slow,Slow,A309
310,A310,0,0,0,0,A310
311,A311,0,当前速度,當前速度,The current speed,A311
312,A312,0,Brake,Brake,Brake,A312
313,A313,0,SvrON,SvrON,SvrON,A313
314,A314,0,0,0,0,A314
315,A315,0,当前位置,當前位置,The current position,A315
316,A316,0,L+,L+,L+,A316
317,A317,0,H,H,H,A317
318,A318,0,L-,L-,L-,A318
319,A319,0,Error,Error,Error,A319
320,A320,0,Moving,Moving,Moving,A320
321,A321,0,Ready,Ready,Ready,A321
322,A322,0,写入参数,寫入參數,In parameter,A322
323,A323,0,读取参数,讀取參數,Read the parameter,A323
324,A324,0,马达参数,馬達參數,The motor parameters,A324
325,A325,0,PropertyGrid,PropertyGrid,PropertyGrid,A325
326,A326,0,“说明”窗格,“說明”窗格,The Description pane,A326
327,A327,0,POS1(待命位置),POS1(待命位置),POS1(Standby position),A327
328,A328,0,POS1(待命位置),POS1(待命位置),POS1(Standby position),A328
329,A329,0,Command Pane,Command Pane,Command Pane,A329
330,A330,0,PropertyGridView,PropertyGridView,PropertyGridView,A330
331,A331,0,5,5,5,A331
332,A332,0,PropertyGridToolBar,PropertyGridToolBar,PropertyGridToolBar,A332
333,A333,0,轴-M0[ 轴1 ],軸-M0[ 軸1 ],Axis -M0[axis 1],A333
334,A334,0,groupBox2,groupBox2,groupBox2,A334
335,A335,0,SET,SET,SET,A335
336,A336,0,Speed.Auto,Speed.Auto,Speed.Auto,A336
337,A337,0,0,0,0,A337
338,A338,0,,,,A338
339,A339,0,,,,A339
340,A340,0,,,,A340
341,A341,0,0,0,0,A341
342,A342,0,Speed.Home.L,Speed.Home.L,Speed.Home.L,A342
343,A343,0,0,0,0,A343
344,A344,0,,,,A344
345,A345,0,,,,A345
346,A346,0,,,,A346
347,A347,0,0,0,0,A347
348,A348,0,SET,SET,SET,A348
349,A349,0,SET,SET,SET,A349
350,A350,0,,,,A350
351,A351,0,,,,A351
352,A352,0,,,,A352
353,A353,0,0,0,0,A353
354,A354,0,0,0,0,A354
355,A355,0,Speed.Hand,Speed.Hand,Speed.Hand,A355
356,A356,0,Speed.Home.H,Speed.Home.H,Speed.Home.H,A356
357,A357,0,0,0,0,A357
358,A358,0,,,,A358
359,A359,0,,,,A359
360,A360,0,,,,A360
361,A361,0,0,0,0,A361
362,A362,0,SET,SET,SET,A362
363,A363,0,Position,Position,Position,A363
364,A364,0,GO,GO,GO,A364
365,A365,0,SET,SET,SET,A365
366,A366,0,P6,P6,P6,A366
367,A367,0,GO,GO,GO,A367
368,A368,0,SET,SET,SET,A368
369,A369,0,P5,P5,P5,A369
370,A370,0,GO,GO,GO,A370
371,A371,0,SET,SET,SET,A371
372,A372,0,P4,P4,P4,A372
373,A373,0,GO,GO,GO,A373
374,A374,0,SET,SET,SET,A374
375,A375,0,P3,P3,P3,A375
376,A376,0,GO,GO,GO,A376
377,A377,0,SET,SET,SET,A377
378,A378,0,P2,P2,P2,A378
379,A379,0,GO,GO,GO,A379
380,A380,0,SET,SET,SET,A380
381,A381,0,5,5,5,A381
382,A382,0,P1,P1,P1,A382
383,A383,0,轴编号-M0,軸編號-M0,Axis Numbers - M0,A383
384,A384,0,-,-,-,A384
385,A385,0,+,+,+,A385
386,A386,0,↓,↓,left,A386
387,A387,0,归零,歸零,zero,A387
388,A388,0,↑,↑,write,A388
389,A389,0,定位至,定位至,Positioning to,A389
390,A390,0,mm,mm,mm,A390
391,A391,0,Dis=,Dis=,Dis=,A391
392,A392,0,,,,A392
393,A393,0,,,,A393
394,A394,0,,,,A394
395,A395,0,0,0,0,A395
396,A396,0,轴-M0 状态,軸-M0 狀態,Axis - M0 state,A396
397,A397,0,Slow,Slow,Slow,A397
398,A398,0,0,0,0,A398
399,A399,0,当前速度,當前速度,The current speed,A399
400,A400,0,Brake,Brake,Brake,A400
401,A401,0,SvrON,SvrON,SvrON,A401
402,A402,0,0,0,0,A402
403,A403,0,当前位置,當前位置,The current position,A403
404,A404,0,L+,L+,L+,A404
405,A405,0,H,H,H,A405
406,A406,0,L-,L-,L-,A406
407,A407,0,Error,Error,Error,A407
408,A408,0,Moving,Moving,Moving,A408
409,A409,0,Ready,Ready,Ready,A409
410,A410,0,模块2 点胶(AXIS 345),模組2 點膠(AXIS 345),Module 2 Dispensing (AXIS 345),A410
411,A411,0,写入参数,寫入參數,In parameter,A411
412,A412,0,读取参数,讀取參數,Read the parameter,A412
413,A413,0,马达参数,馬達參數,The motor parameters,A413
414,A414,0,PropertyGrid,PropertyGrid,PropertyGrid,A414
415,A415,0,“说明”窗格,“說明”窗格,The Description pane,A415
416,A416,0,Command Pane,Command Pane,Command Pane,A416
417,A417,0,PropertyGridView,PropertyGridView,PropertyGridView,A417
418,A418,0,PropertyGridToolBar,PropertyGridToolBar,PropertyGridToolBar,A418
419,A419,0,轴-M5[ 轴6 ],軸-M5[ 軸6 ],Axis -M5[Axis 6],A419
420,A420,0,groupBox2,groupBox2,groupBox2,A420
421,A421,0,SET,SET,SET,A421
422,A422,0,Speed.Auto,Speed.Auto,Speed.Auto,A422
423,A423,0,0,0,0,A423
424,A424,0,,,,A424
425,A425,0,,,,A425
426,A426,0,,,,A426
427,A427,0,0,0,0,A427
428,A428,0,Speed.Home.L,Speed.Home.L,Speed.Home.L,A428
429,A429,0,0,0,0,A429
430,A430,0,,,,A430
431,A431,0,,,,A431
432,A432,0,,,,A432
433,A433,0,0,0,0,A433
434,A434,0,SET,SET,SET,A434
435,A435,0,SET,SET,SET,A435
436,A436,0,,,,A436
437,A437,0,,,,A437
438,A438,0,,,,A438
439,A439,0,0,0,0,A439
440,A440,0,0,0,0,A440
441,A441,0,Speed.Hand,Speed.Hand,Speed.Hand,A441
442,A442,0,Speed.Home.H,Speed.Home.H,Speed.Home.H,A442
443,A443,0,0,0,0,A443
444,A444,0,,,,A444
445,A445,0,,,,A445
446,A446,0,,,,A446
447,A447,0,0,0,0,A447
448,A448,0,SET,SET,SET,A448
449,A449,0,Position,Position,Position,A449
450,A450,0,GO,GO,GO,A450
451,A451,0,SET,SET,SET,A451
452,A452,0,P6,P6,P6,A452
453,A453,0,GO,GO,GO,A453
454,A454,0,SET,SET,SET,A454
455,A455,0,P5,P5,P5,A455
456,A456,0,GO,GO,GO,A456
457,A457,0,SET,SET,SET,A457
458,A458,0,P4,P4,P4,A458
459,A459,0,GO,GO,GO,A459
460,A460,0,SET,SET,SET,A460
461,A461,0,P3,P3,P3,A461
462,A462,0,GO,GO,GO,A462
463,A463,0,SET,SET,SET,A463
464,A464,0,P2,P2,P2,A464
465,A465,0,GO,GO,GO,A465
466,A466,0,SET,SET,SET,A466
467,A467,0,0,0,0,A467
468,A468,0,P1,P1,P1,A468
469,A469,0,轴编号-M5,軸編號-M5,Axis Numbers - M5,A469
470,A470,0,-,-,-,A470
471,A471,0,+,+,+,A471
472,A472,0,↓,↓,left,A472
473,A473,0,归零,歸零,zero,A473
474,A474,0,↑,↑,write,A474
475,A475,0,定位至,定位至,Positioning to,A475
476,A476,0,mm,mm,mm,A476
477,A477,0,Dis=,Dis=,Dis=,A477
478,A478,0,,,,A478
479,A479,0,,,,A479
480,A480,0,,,,A480
481,A481,0,0,0,0,A481
482,A482,0,轴-M5 状态,軸-M5 狀態,Axis - M5,A482
483,A483,0,Slow,Slow,Slow,A483
484,A484,0,0,0,0,A484
485,A485,0,当前速度,當前速度,The current speed,A485
486,A486,0,Brake,Brake,Brake,A486
487,A487,0,SvrON,SvrON,SvrON,A487
488,A488,0,0,0,0,A488
489,A489,0,当前位置,當前位置,The current position,A489
490,A490,0,L+,L+,L+,A490
491,A491,0,H,H,H,A491
492,A492,0,L-,L-,L-,A492
493,A493,0,Error,Error,Error,A493
494,A494,0,Moving,Moving,Moving,A494
495,A495,0,Ready,Ready,Ready,A495
496,A496,0,写入参数,寫入參數,In parameter,A496
497,A497,0,读取参数,讀取參數,Read the parameter,A497
498,A498,0,马达参数,馬達參數,The motor parameters,A498
499,A499,0,PropertyGrid,PropertyGrid,PropertyGrid,A499
500,A500,0,“说明”窗格,“說明”窗格,The Description pane,A500
501,A501,0,Command Pane,Command Pane,Command Pane,A501
502,A502,0,PropertyGridView,PropertyGridView,PropertyGridView,A502
503,A503,0,PropertyGridToolBar,PropertyGridToolBar,PropertyGridToolBar,A503
504,A504,0,轴-M4[ 轴5 ],軸-M4[ 軸5 ],Axle -M4[Axle 5],A504
505,A505,0,groupBox2,groupBox2,groupBox2,A505
506,A506,0,SET,SET,SET,A506
507,A507,0,Speed.Auto,Speed.Auto,Speed.Auto,A507
508,A508,0,0,0,0,A508
509,A509,0,,,,A509
510,A510,0,,,,A510
511,A511,0,,,,A511
512,A512,0,0,0,0,A512
513,A513,0,Speed.Home.L,Speed.Home.L,Speed.Home.L,A513
514,A514,0,0,0,0,A514
515,A515,0,,,,A515
516,A516,0,,,,A516
517,A517,0,,,,A517
518,A518,0,0,0,0,A518
519,A519,0,SET,SET,SET,A519
520,A520,0,SET,SET,SET,A520
521,A521,0,,,,A521
522,A522,0,,,,A522
523,A523,0,,,,A523
524,A524,0,0,0,0,A524
525,A525,0,0,0,0,A525
526,A526,0,Speed.Hand,Speed.Hand,Speed.Hand,A526
527,A527,0,Speed.Home.H,Speed.Home.H,Speed.Home.H,A527
528,A528,0,0,0,0,A528
529,A529,0,,,,A529
530,A530,0,,,,A530
531,A531,0,,,,A531
532,A532,0,0,0,0,A532
533,A533,0,SET,SET,SET,A533
534,A534,0,Position,Position,Position,A534
535,A535,0,GO,GO,GO,A535
536,A536,0,SET,SET,SET,A536
537,A537,0,P6,P6,P6,A537
538,A538,0,GO,GO,GO,A538
539,A539,0,SET,SET,SET,A539
540,A540,0,P5,P5,P5,A540
541,A541,0,GO,GO,GO,A541
542,A542,0,SET,SET,SET,A542
543,A543,0,P4,P4,P4,A543
544,A544,0,GO,GO,GO,A544
545,A545,0,SET,SET,SET,A545
546,A546,0,P3,P3,P3,A546
547,A547,0,GO,GO,GO,A547
548,A548,0,SET,SET,SET,A548
549,A549,0,P2,P2,P2,A549
550,A550,0,GO,GO,GO,A550
551,A551,0,SET,SET,SET,A551
552,A552,0,5,5,5,A552
553,A553,0,P1,P1,P1,A553
554,A554,0,轴编号-M4,軸編號-M4,Axis Numbers - the M4,A554
555,A555,0,-,-,-,A555
556,A556,0,+,+,+,A556
557,A557,0,↓,↓,left,A557
558,A558,0,归零,歸零,zero,A558
559,A559,0,↑,↑,write,A559
560,A560,0,定位至,定位至,Positioning to,A560
561,A561,0,mm,mm,mm,A561
562,A562,0,Dis=,Dis=,Dis=,A562
563,A563,0,,,,A563
564,A564,0,,,,A564
565,A565,0,,,,A565
566,A566,0,0,0,0,A566
567,A567,0,轴-M4 状态,軸-M4 狀態,Axis - state of the M4,A567
568,A568,0,Slow,Slow,Slow,A568
569,A569,0,0,0,0,A569
570,A570,0,当前速度,當前速度,The current speed,A570
571,A571,0,Brake,Brake,Brake,A571
572,A572,0,SvrON,SvrON,SvrON,A572
573,A573,0,0,0,0,A573
574,A574,0,当前位置,當前位置,The current position,A574
575,A575,0,L+,L+,L+,A575
576,A576,0,H,H,H,A576
577,A577,0,L-,L-,L-,A577
578,A578,0,Error,Error,Error,A578
579,A579,0,Moving,Moving,Moving,A579
580,A580,0,Ready,Ready,Ready,A580
581,A581,0,写入参数,寫入參數,In parameter,A581
582,A582,0,读取参数,讀取參數,Read the parameter,A582
583,A583,0,马达参数,馬達參數,The motor parameters,A583
584,A584,0,PropertyGrid,PropertyGrid,PropertyGrid,A584
585,A585,0,“说明”窗格,“說明”窗格,The Description pane,A585
586,A586,0,Command Pane,Command Pane,Command Pane,A586
587,A587,0,PropertyGridView,PropertyGridView,PropertyGridView,A587
588,A588,0,PropertyGridToolBar,PropertyGridToolBar,PropertyGridToolBar,A588
589,A589,0,轴-M3[ 轴4 ],軸-M3[ 軸4 ],Shaft -M3[Shaft 4],A589
590,A590,0,groupBox2,groupBox2,groupBox2,A590
591,A591,0,SET,SET,SET,A591
592,A592,0,Speed.Auto,Speed.Auto,Speed.Auto,A592
593,A593,0,0,0,0,A593
594,A594,0,,,,A594
595,A595,0,,,,A595
596,A596,0,,,,A596
597,A597,0,0,0,0,A597
598,A598,0,Speed.Home.L,Speed.Home.L,Speed.Home.L,A598
599,A599,0,0,0,0,A599
600,A600,0,,,,A600
601,A601,0,,,,A601
602,A602,0,,,,A602
603,A603,0,0,0,0,A603
604,A604,0,SET,SET,SET,A604
605,A605,0,SET,SET,SET,A605
606,A606,0,,,,A606
607,A607,0,,,,A607
608,A608,0,,,,A608
609,A609,0,0,0,0,A609
610,A610,0,0,0,0,A610
611,A611,0,Speed.Hand,Speed.Hand,Speed.Hand,A611
612,A612,0,Speed.Home.H,Speed.Home.H,Speed.Home.H,A612
613,A613,0,0,0,0,A613
614,A614,0,,,,A614
615,A615,0,,,,A615
616,A616,0,,,,A616
617,A617,0,0,0,0,A617
618,A618,0,SET,SET,SET,A618
619,A619,0,Position,Position,Position,A619
620,A620,0,GO,GO,GO,A620
621,A621,0,SET,SET,SET,A621
622,A622,0,P6,P6,P6,A622
623,A623,0,GO,GO,GO,A623
624,A624,0,SET,SET,SET,A624
625,A625,0,P5,P5,P5,A625
626,A626,0,GO,GO,GO,A626
627,A627,0,SET,SET,SET,A627
628,A628,0,P4,P4,P4,A628
629,A629,0,GO,GO,GO,A629
630,A630,0,SET,SET,SET,A630
631,A631,0,P3,P3,P3,A631
632,A632,0,GO,GO,GO,A632
633,A633,0,SET,SET,SET,A633
634,A634,0,P2,P2,P2,A634
635,A635,0,GO,GO,GO,A635
636,A636,0,SET,SET,SET,A636
637,A637,0,5,5,5,A637
638,A638,0,P1,P1,P1,A638
639,A639,0,轴编号-M3,軸編號-M3,Shaft number - M3,A639
640,A640,0,-,-,-,A640
641,A641,0,+,+,+,A641
642,A642,0,↓,↓,left,A642
643,A643,0,归零,歸零,zero,A643
644,A644,0,↑,↑,write,A644
645,A645,0,定位至,定位至,Positioning to,A645
646,A646,0,mm,mm,mm,A646
647,A647,0,Dis=,Dis=,Dis=,A647
648,A648,0,,,,A648
649,A649,0,,,,A649
650,A650,0,,,,A650
651,A651,0,0,0,0,A651
652,A652,0,轴-M3 状态,軸-M3 狀態,Axis - M3,A652
653,A653,0,Slow,Slow,Slow,A653
654,A654,0,0,0,0,A654
655,A655,0,当前速度,當前速度,The current speed,A655
656,A656,0,Brake,Brake,Brake,A656
657,A657,0,SvrON,SvrON,SvrON,A657
658,A658,0,0,0,0,A658
659,A659,0,当前位置,當前位置,The current position,A659
660,A660,0,L+,L+,L+,A660
661,A661,0,H,H,H,A661
662,A662,0,L-,L-,L-,A662
663,A663,0,Error,Error,Error,A663
664,A664,0,Moving,Moving,Moving,A664
665,A665,0,Ready,Ready,Ready,A665
666,A666,0,模块3 微调(AXIS 678),模組3 微調(AXIS 678),Module 3 Fine-tuning (AXIS 678),A666
667,A667,0,写入参数,寫入參數,In parameter,A667
668,A668,0,读取参数,讀取參數,Read the parameter,A668
669,A669,0,马达参数,馬達參數,The motor parameters,A669
670,A670,0,PropertyGrid,PropertyGrid,PropertyGrid,A670
671,A671,0,“说明”窗格,“說明”窗格,The Description pane,A671
672,A672,0,Command Pane,Command Pane,Command Pane,A672
673,A673,0,PropertyGridView,PropertyGridView,PropertyGridView,A673
674,A674,0,PropertyGridToolBar,PropertyGridToolBar,PropertyGridToolBar,A674
675,A675,0,轴-M8[ 轴9 ],軸-M8[ 軸9 ],Axis -M8[Axis 9],A675
676,A676,0,groupBox2,groupBox2,groupBox2,A676
677,A677,0,SET,SET,SET,A677
678,A678,0,Speed.Auto,Speed.Auto,Speed.Auto,A678
679,A679,0,0,0,0,A679
680,A680,0,,,,A680
681,A681,0,,,,A681
682,A682,0,,,,A682
683,A683,0,0,0,0,A683
684,A684,0,Speed.Home.L,Speed.Home.L,Speed.Home.L,A684
685,A685,0,0,0,0,A685
686,A686,0,,,,A686
687,A687,0,,,,A687
688,A688,0,,,,A688
689,A689,0,0,0,0,A689
690,A690,0,SET,SET,SET,A690
691,A691,0,SET,SET,SET,A691
692,A692,0,,,,A692
693,A693,0,,,,A693
694,A694,0,,,,A694
695,A695,0,0,0,0,A695
696,A696,0,0,0,0,A696
697,A697,0,Speed.Hand,Speed.Hand,Speed.Hand,A697
698,A698,0,Speed.Home.H,Speed.Home.H,Speed.Home.H,A698
699,A699,0,0,0,0,A699
700,A700,0,,,,A700
701,A701,0,,,,A701
702,A702,0,,,,A702
703,A703,0,0,0,0,A703
704,A704,0,SET,SET,SET,A704
705,A705,0,Position,Position,Position,A705
706,A706,0,GO,GO,GO,A706
707,A707,0,SET,SET,SET,A707
708,A708,0,P6,P6,P6,A708
709,A709,0,GO,GO,GO,A709
710,A710,0,SET,SET,SET,A710
711,A711,0,P5,P5,P5,A711
712,A712,0,GO,GO,GO,A712
713,A713,0,SET,SET,SET,A713
714,A714,0,P4,P4,P4,A714
715,A715,0,GO,GO,GO,A715
716,A716,0,SET,SET,SET,A716
717,A717,0,P3,P3,P3,A717
718,A718,0,GO,GO,GO,A718
719,A719,0,SET,SET,SET,A719
720,A720,0,P2,P2,P2,A720
721,A721,0,GO,GO,GO,A721
722,A722,0,SET,SET,SET,A722
723,A723,0,0,0,0,A723
724,A724,0,P1,P1,P1,A724
725,A725,0,轴编号-M8,軸編號-M8,Axis Numbers - M8,A725
726,A726,0,-,-,-,A726
727,A727,0,+,+,+,A727
728,A728,0,↓,↓,left,A728
729,A729,0,归零,歸零,zero,A729
730,A730,0,↑,↑,write,A730
731,A731,0,定位至,定位至,Positioning to,A731
732,A732,0,mm,mm,mm,A732
733,A733,0,Dis=,Dis=,Dis=,A733
734,A734,0,,,,A734
735,A735,0,,,,A735
736,A736,0,,,,A736
737,A737,0,0,0,0,A737
738,A738,0,轴-M8 状态,軸-M8 狀態,Axis - M8,A738
739,A739,0,Slow,Slow,Slow,A739
740,A740,0,0,0,0,A740
741,A741,0,当前速度,當前速度,The current speed,A741
742,A742,0,Brake,Brake,Brake,A742
743,A743,0,SvrON,SvrON,SvrON,A743
744,A744,0,0,0,0,A744
745,A745,0,当前位置,當前位置,The current position,A745
746,A746,0,L+,L+,L+,A746
747,A747,0,H,H,H,A747
748,A748,0,L-,L-,L-,A748
749,A749,0,Error,Error,Error,A749
750,A750,0,Moving,Moving,Moving,A750
751,A751,0,Ready,Ready,Ready,A751
752,A752,0,写入参数,寫入參數,In parameter,A752
753,A753,0,读取参数,讀取參數,Read the parameter,A753
754,A754,0,马达参数,馬達參數,The motor parameters,A754
755,A755,0,PropertyGrid,PropertyGrid,PropertyGrid,A755
756,A756,0,“说明”窗格,“說明”窗格,The Description pane,A756
757,A757,0,Command Pane,Command Pane,Command Pane,A757
758,A758,0,PropertyGridView,PropertyGridView,PropertyGridView,A758
759,A759,0,PropertyGridToolBar,PropertyGridToolBar,PropertyGridToolBar,A759
760,A760,0,轴-M7[ 轴8 ],軸-M7[ 軸8 ],Axle -M7[Axle 8],A760
761,A761,0,groupBox2,groupBox2,groupBox2,A761
762,A762,0,SET,SET,SET,A762
763,A763,0,Speed.Auto,Speed.Auto,Speed.Auto,A763
764,A764,0,0,0,0,A764
765,A765,0,,,,A765
766,A766,0,,,,A766
767,A767,0,,,,A767
768,A768,0,0,0,0,A768
769,A769,0,Speed.Home.L,Speed.Home.L,Speed.Home.L,A769
770,A770,0,0,0,0,A770
771,A771,0,,,,A771
772,A772,0,,,,A772
773,A773,0,,,,A773
774,A774,0,0,0,0,A774
775,A775,0,SET,SET,SET,A775
776,A776,0,SET,SET,SET,A776
777,A777,0,,,,A777
778,A778,0,,,,A778
779,A779,0,,,,A779
780,A780,0,0,0,0,A780
781,A781,0,0,0,0,A781
782,A782,0,Speed.Hand,Speed.Hand,Speed.Hand,A782
783,A783,0,Speed.Home.H,Speed.Home.H,Speed.Home.H,A783
784,A784,0,0,0,0,A784
785,A785,0,,,,A785
786,A786,0,,,,A786
787,A787,0,,,,A787
788,A788,0,0,0,0,A788
789,A789,0,SET,SET,SET,A789
790,A790,0,Position,Position,Position,A790
791,A791,0,GO,GO,GO,A791
792,A792,0,SET,SET,SET,A792
793,A793,0,P6,P6,P6,A793
794,A794,0,GO,GO,GO,A794
795,A795,0,SET,SET,SET,A795
796,A796,0,P5,P5,P5,A796
797,A797,0,GO,GO,GO,A797
798,A798,0,SET,SET,SET,A798
799,A799,0,P4,P4,P4,A799
800,A800,0,GO,GO,GO,A800
801,A801,0,SET,SET,SET,A801
802,A802,0,P3,P3,P3,A802
803,A803,0,GO,GO,GO,A803
804,A804,0,SET,SET,SET,A804
805,A805,0,P2,P2,P2,A805
806,A806,0,GO,GO,GO,A806
807,A807,0,SET,SET,SET,A807
808,A808,0,0,0,0,A808
809,A809,0,P1,P1,P1,A809
810,A810,0,轴编号-M7,軸編號-M7,Axis Numbers - M7,A810
811,A811,0,-,-,-,A811
812,A812,0,+,+,+,A812
813,A813,0,↓,↓,left,A813
814,A814,0,归零,歸零,zero,A814
815,A815,0,↑,↑,write,A815
816,A816,0,定位至,定位至,Positioning to,A816
817,A817,0,mm,mm,mm,A817
818,A818,0,Dis=,Dis=,Dis=,A818
819,A819,0,,,,A819
820,A820,0,,,,A820
821,A821,0,,,,A821
822,A822,0,0,0,0,A822
823,A823,0,轴-M7 状态,軸-M7 狀態,Axis - M7,A823
824,A824,0,Slow,Slow,Slow,A824
825,A825,0,0,0,0,A825
826,A826,0,当前速度,當前速度,The current speed,A826
827,A827,0,Brake,Brake,Brake,A827
828,A828,0,SvrON,SvrON,SvrON,A828
829,A829,0,0,0,0,A829
830,A830,0,当前位置,當前位置,The current position,A830
831,A831,0,L+,L+,L+,A831
832,A832,0,H,H,H,A832
833,A833,0,L-,L-,L-,A833
834,A834,0,Error,Error,Error,A834
835,A835,0,Moving,Moving,Moving,A835
836,A836,0,Ready,Ready,Ready,A836
837,A837,0,写入参数,寫入參數,In parameter,A837
838,A838,0,读取参数,讀取參數,Read the parameter,A838
839,A839,0,马达参数,馬達參數,The motor parameters,A839
840,A840,0,PropertyGrid,PropertyGrid,PropertyGrid,A840
841,A841,0,“说明”窗格,“說明”窗格,The Description pane,A841
842,A842,0,Command Pane,Command Pane,Command Pane,A842
843,A843,0,PropertyGridView,PropertyGridView,PropertyGridView,A843
844,A844,0,PropertyGridToolBar,PropertyGridToolBar,PropertyGridToolBar,A844
845,A845,0,轴-M6[ 轴7 ],軸-M6[ 軸7 ],Shaft -M6[shaft 7],A845
846,A846,0,groupBox2,groupBox2,groupBox2,A846
847,A847,0,SET,SET,SET,A847
848,A848,0,Speed.Auto,Speed.Auto,Speed.Auto,A848
849,A849,0,0,0,0,A849
850,A850,0,,,,A850
851,A851,0,,,,A851
852,A852,0,,,,A852
853,A853,0,0,0,0,A853
854,A854,0,Speed.Home.L,Speed.Home.L,Speed.Home.L,A854
855,A855,0,0,0,0,A855
856,A856,0,,,,A856
857,A857,0,,,,A857
858,A858,0,,,,A858
859,A859,0,0,0,0,A859
860,A860,0,SET,SET,SET,A860
861,A861,0,SET,SET,SET,A861
862,A862,0,,,,A862
863,A863,0,,,,A863
864,A864,0,,,,A864
865,A865,0,0,0,0,A865
866,A866,0,0,0,0,A866
867,A867,0,Speed.Hand,Speed.Hand,Speed.Hand,A867
868,A868,0,Speed.Home.H,Speed.Home.H,Speed.Home.H,A868
869,A869,0,0,0,0,A869
870,A870,0,,,,A870
871,A871,0,,,,A871
872,A872,0,,,,A872
873,A873,0,0,0,0,A873
874,A874,0,SET,SET,SET,A874
875,A875,0,Position,Position,Position,A875
876,A876,0,GO,GO,GO,A876
877,A877,0,SET,SET,SET,A877
878,A878,0,P6,P6,P6,A878
879,A879,0,GO,GO,GO,A879
880,A880,0,SET,SET,SET,A880
881,A881,0,P5,P5,P5,A881
882,A882,0,GO,GO,GO,A882
883,A883,0,SET,SET,SET,A883
884,A884,0,P4,P4,P4,A884
885,A885,0,GO,GO,GO,A885
886,A886,0,SET,SET,SET,A886
887,A887,0,P3,P3,P3,A887
888,A888,0,GO,GO,GO,A888
889,A889,0,SET,SET,SET,A889
890,A890,0,P2,P2,P2,A890
891,A891,0,GO,GO,GO,A891
892,A892,0,SET,SET,SET,A892
893,A893,0,0,0,0,A893
894,A894,0,P1,P1,P1,A894
895,A895,0,轴编号-M6,軸編號-M6,Axis Numbers - M6,A895
896,A896,0,-,-,-,A896
897,A897,0,+,+,+,A897
898,A898,0,↓,↓,left,A898
899,A899,0,归零,歸零,zero,A899
900,A900,0,↑,↑,write,A900
901,A901,0,定位至,定位至,Positioning to,A901
902,A902,0,mm,mm,mm,A902
903,A903,0,Dis=,Dis=,Dis=,A903
904,A904,0,,,,A904
905,A905,0,,,,A905
906,A906,0,,,,A906
907,A907,0,0,0,0,A907
908,A908,0,轴-M6 状态,軸-M6 狀態,Axis - M6 state,A908
909,A909,0,Slow,Slow,Slow,A909
910,A910,0,0,0,0,A910
911,A911,0,当前速度,當前速度,The current speed,A911
912,A912,0,Brake,Brake,Brake,A912
913,A913,0,SvrON,SvrON,SvrON,A913
914,A914,0,0,0,0,A914
915,A915,0,当前位置,當前位置,The current position,A915
916,A916,0,L+,L+,L+,A916
917,A917,0,H,H,H,A917
918,A918,0,L-,L-,L-,A918
919,A919,0,Error,Error,Error,A919
920,A920,0,Moving,Moving,Moving,A920
921,A921,0,Ready,Ready,Ready,A921
922,A922,0,调试操作接口,調試操作介面,Debug operation interface,A922
923,A923,0,调试操作,調試操作,debug,A923
924,A924,0,建立块规平面流程,建立塊規平面流程,Set up block plan flow,A924
925,A925,0,mm,mm,mm,A925
926,A926,0,采集高度,採集高度,Gather highly,A926
927,A927,0,手动/自动,手動/自動,Manual/automatic,A927
928,A928,0,安全位置设定,安全位置設定,Safety position setting,A928
929,A929,0,写入参数,寫入參數,In parameter,A929
930,A930,0,PropertyGrid,PropertyGrid,PropertyGrid,A930
931,A931,0,“说明”窗格,“說明”窗格,The Description pane,A931
932,A932,0,Command Pane,Command Pane,Command Pane,A932
933,A933,0,PropertyGridView,PropertyGridView,PropertyGridView,A933
934,A934,0,PropertyGridToolBar,PropertyGridToolBar,PropertyGridToolBar,A934
935,A935,0,toolStrip1,toolStrip1,toolStrip1,A935
936,A936,0,frmRecipe,frmRecipe,frmRecipe,A936
937,A937,0,校正相机,校正相機,Camera calibration,A937
938,A938,0,label2,label2,label2,A938
939,A939,0,toolStrip1,toolStrip1,toolStrip1,A939
940,A940,0,判断相机,判斷相機,To determine the camera,A940
941,A941,0,label2,label2,label2,A941
942,A942,0,toolStrip2,toolStrip2,toolStrip2,A942
943,A943,0,PropertyGrid,PropertyGrid,PropertyGrid,A943
944,A944,0,“说明”窗格,“說明”窗格,The Description pane,A944
945,A945,0,Index,Index,Index,A945
946,A946,0,Command Pane,Command Pane,Command Pane,A946
947,A947,0,PropertyGridView,PropertyGridView,PropertyGridView,A947
948,A948,0,2,2,2,A948
949,A949,0,PropertyGridToolBar,PropertyGridToolBar,PropertyGridToolBar,A949
950,A950,0,确定,確定,determine,A950
951,A951,0,取消,取消,cancel,A951
952,A952,0,取得校正图像,取得校正圖像,Get corrected image,A952
953,A953,0,Mirror1检测补偿 拾取模块 最多可设定 1 个位置,Mirror1檢測補償 拾取模組 最多可設定 1 個位置,The Mirror1 detection compensation pickup module can set 1 position at most,A953
954,A954,0,示例:,示例:,Example:,A954
955,A955,0,组0,組0,Group of 0,A955
956,A956,0,Mirror1,Mirror1,Mirror1,A956
957,A957,0,,,,A957
958,A958,0,Mirror0,Mirror0,Mirror0,A958
959,A959,0,,,,A959
960,A960,0,组3,組3,Group 3,A960
961,A961,0,Mirror1,Mirror1,Mirror1,A961
962,A962,0,,,,A962
963,A963,0,Mirror0,Mirror0,Mirror0,A963
964,A964,0,,,,A964
965,A965,0,组2,組2,In group 2,A965
966,A966,0,Mirror1,Mirror1,Mirror1,A966
967,A967,0,,,,A967
968,A968,0,Mirror0,Mirror0,Mirror0,A968
969,A969,0,,,,A969
970,A970,0,组1,組1,Group 1,A970
971,A971,0,Mirror1,Mirror1,Mirror1,A971
972,A972,0,,,,A972
973,A973,0,Mirror0,Mirror0,Mirror0,A973
974,A974,0,,,,A974
975,A975,0,组0,組0,Group of 0,A975
976,A976,0,Mirror1,Mirror1,Mirror1,A976
977,A977,0,,,,A977
978,A978,0,Mirror0,Mirror0,Mirror0,A978
979,A979,0,,,,A979
980,A980,0,更新,更新,update,A980
981,A981,0,轴控,軸控,Axis control,A981
982,A982,0,取消,取消,cancel,A982
983,A983,0,保存,保存,save,A983
984,A984,0,定位,定位,positioning,A984
985,A985,0,删除,刪除,delete,A985
986,A986,0,添加,添加,add,A986
987,A987,0,坐标位置列表,座標位置列表,Coordinate position list,A987
988,A988,0,账号设定,帳號設定,Account Settings,A988
989,A989,0,,,,A989
990,A990,0,离开,離開,leave,A990
991,A991,0,指定使用工厂系统,指定使用工廠系統,Specify the use of factory systems,A991
992,A992,0,准许更改参数,准許更改參數,Permission to change parameters,A992
993,A993,0,准许账号管理,准許帳號管理,Permission account Management,A993
994,A994,0,淮许设定,淮許設定,Requesting permission Settings,A994
995,A995,0,密码,密碼,password,A995
996,A996,0,账号,帳號,account,A996
997,A997,0,888,888,888,A997
998,A998,0,admin,admin,admin,A998
999,A999,0,取消,取消,cancel,A999
1000,A1000,0,确定,確定,determine,A1000
1001,A1001,0,新增,新增,new,A1001
1002,A1002,0,删除,刪除,delete,A1002
1003,A1003,0,修改,修改,Modify the,A1003
1004,A1004,0,CNA1004,TWA1004,ENA1004,A1004
1005,A1005,0,CNA1005,TWA1005,ENA1005,A1005
1006,A1006,0,CNA1006,TWA1006,ENA1006,A1006
1007,A1007,0,CNA1007,TWA1007,ENA1007,A1007
1008,A1008,0,CNA1008,TWA1008,ENA1008,A1008
1009,A1009,0,CNA1009,TWA1009,ENA1009,A1009
1010,A1010,0,CNA1010,TWA1010,ENA1010,A1010
1011,A1011,0,CNA1011,TWA1011,ENA1011,A1011
1012,A1012,0,CNA1012,TWA1012,ENA1012,A1012
1013,A1013,0,CNA1013,TWA1013,ENA1013,A1013
1014,A1014,0,CNA1014,TWA1014,ENA1014,A1014
1015,A1015,0,CNA1015,TWA1015,ENA1015,A1015
1016,A1016,0,CNA1016,TWA1016,ENA1016,A1016
1017,A1017,0,CNA1017,TWA1017,ENA1017,A1017
1018,A1018,0,CNA1018,TWA1018,ENA1018,A1018
1019,A1019,0,CNA1019,TWA1019,ENA1019,A1019
1020,A1020,0,CNA1020,TWA1020,ENA1020,A1020
1021,A1021,0,CNA1021,TWA1021,ENA1021,A1021
1022,A1022,0,CNA1022,TWA1022,ENA1022,A1022
1023,A1023,0,CNA1023,TWA1023,ENA1023,A1023
1024,A1024,0,CNA1024,TWA1024,ENA1024,A1024
1025,A1025,0,CNA1025,TWA1025,ENA1025,A1025
1026,A1026,0,CNA1026,TWA1026,ENA1026,A1026
1027,A1027,0,CNA1027,TWA1027,ENA1027,A1027
1028,A1028,0,CNA1028,TWA1028,ENA1028,A1028
1029,A1029,0,CNA1029,TWA1029,ENA1029,A1029
1030,A1030,0,CNA1030,TWA1030,ENA1030,A1030
1031,A1031,0,CNA1031,TWA1031,ENA1031,A1031
1032,A1032,0,CNA1032,TWA1032,ENA1032,A1032
1033,A1033,0,CNA1033,TWA1033,ENA1033,A1033
1034,A1034,0,CNA1034,TWA1034,ENA1034,A1034
1035,A1035,0,CNA1035,TWA1035,ENA1035,A1035
1036,A1036,0,CNA1036,TWA1036,ENA1036,A1036
1037,A1037,0,CNA1037,TWA1037,ENA1037,A1037
1038,A1038,0,CNA1038,TWA1038,ENA1038,A1038
1039,A1039,0,CNA1039,TWA1039,ENA1039,A1039
1040,A1040,0,CNA1040,TWA1040,ENA1040,A1040
1041,A1041,0,CNA1041,TWA1041,ENA1041,A1041
1042,A1042,0,CNA1042,TWA1042,ENA1042,A1042
1043,A1043,0,CNA1043,TWA1043,ENA1043,A1043
1044,A1044,0,CNA1044,TWA1044,ENA1044,A1044
1045,A1045,0,CNA1045,TWA1045,ENA1045,A1045
1046,A1046,0,CNA1046,TWA1046,ENA1046,A1046
1047,A1047,0,CNA1047,TWA1047,ENA1047,A1047
1048,A1048,0,CNA1048,TWA1048,ENA1048,A1048
1049,A1049,0,CNA1049,TWA1049,ENA1049,A1049
1050,A1050,0,CNA1050,TWA1050,ENA1050,A1050
1051,A1051,0,CNA1051,TWA1051,ENA1051,A1051
1052,A1052,0,CNA1052,TWA1052,ENA1052,A1052
1053,A1053,0,CNA1053,TWA1053,ENA1053,A1053
1054,A1054,0,CNA1054,TWA1054,ENA1054,A1054
1055,A1055,0,CNA1055,TWA1055,ENA1055,A1055
1056,A1056,0,CNA1056,TWA1056,ENA1056,A1056
1057,A1057,0,CNA1057,TWA1057,ENA1057,A1057
1058,A1058,0,CNA1058,TWA1058,ENA1058,A1058
1059,A1059,0,CNA1059,TWA1059,ENA1059,A1059
1060,A1060,0,CNA1060,TWA1060,ENA1060,A1060
1061,A1061,0,CNA1061,TWA1061,ENA1061,A1061
1062,A1062,0,CNA1062,TWA1062,ENA1062,A1062
1063,A1063,0,CNA1063,TWA1063,ENA1063,A1063
1064,A1064,0,CNA1064,TWA1064,ENA1064,A1064
1065,A1065,0,CNA1065,TWA1065,ENA1065,A1065
1066,A1066,0,CNA1066,TWA1066,ENA1066,A1066
1067,A1067,0,CNA1067,TWA1067,ENA1067,A1067
1068,A1068,0,CNA1068,TWA1068,ENA1068,A1068
1069,A1069,0,CNA1069,TWA1069,ENA1069,A1069
1070,A1070,0,CNA1070,TWA1070,ENA1070,A1070
1071,A1071,0,CNA1071,TWA1071,ENA1071,A1071
1072,A1072,0,CNA1072,TWA1072,ENA1072,A1072
1073,A1073,0,CNA1073,TWA1073,ENA1073,A1073
1074,A1074,0,CNA1074,TWA1074,ENA1074,A1074
1075,A1075,0,CNA1075,TWA1075,ENA1075,A1075
1076,A1076,0,CNA1076,TWA1076,ENA1076,A1076
1077,A1077,0,CNA1077,TWA1077,ENA1077,A1077
1078,A1078,0,CNA1078,TWA1078,ENA1078,A1078
1079,A1079,0,CNA1079,TWA1079,ENA1079,A1079
1080,A1080,0,CNA1080,TWA1080,ENA1080,A1080
1081,A1081,0,CNA1081,TWA1081,ENA1081,A1081
1082,A1082,0,CNA1082,TWA1082,ENA1082,A1082
1083,A1083,0,CNA1083,TWA1083,ENA1083,A1083
1084,A1084,0,CNA1084,TWA1084,ENA1084,A1084
1085,A1085,0,CNA1085,TWA1085,ENA1085,A1085
1086,A1086,0,CNA1086,TWA1086,ENA1086,A1086
1087,A1087,0,CNA1087,TWA1087,ENA1087,A1087
1088,A1088,0,CNA1088,TWA1088,ENA1088,A1088
1089,A1089,0,CNA1089,TWA1089,ENA1089,A1089
1090,A1090,0,CNA1090,TWA1090,ENA1090,A1090
1091,A1091,0,CNA1091,TWA1091,ENA1091,A1091
1092,A1092,0,CNA1092,TWA1092,ENA1092,A1092
1093,A1093,0,CNA1093,TWA1093,ENA1093,A1093
1094,A1094,0,CNA1094,TWA1094,ENA1094,A1094
1095,A1095,0,CNA1095,TWA1095,ENA1095,A1095
1096,A1096,0,CNA1096,TWA1096,ENA1096,A1096
1097,A1097,0,CNA1097,TWA1097,ENA1097,A1097
1098,A1098,0,CNA1098,TWA1098,ENA1098,A1098
1099,A1099,0,CNA1099,TWA1099,ENA1099,A1099
1100,A1100,0,CNA1100,TWA1100,ENA1100,A1100
1101,A1101,0,CNA1101,TWA1101,ENA1101,A1101
1102,A1102,0,CNA1102,TWA1102,ENA1102,A1102
1103,A1103,0,CNA1103,TWA1103,ENA1103,A1103
1104,A1104,0,CNA1104,TWA1104,ENA1104,A1104
1105,A1105,0,CNA1105,TWA1105,ENA1105,A1105
1106,A1106,0,CNA1106,TWA1106,ENA1106,A1106
1107,A1107,0,CNA1107,TWA1107,ENA1107,A1107
1108,A1108,0,CNA1108,TWA1108,ENA1108,A1108
1109,A1109,0,CNA1109,TWA1109,ENA1109,A1109
1110,A1110,0,CNA1110,TWA1110,ENA1110,A1110
1111,A1111,0,CNA1111,TWA1111,ENA1111,A1111
1112,A1112,0,CNA1112,TWA1112,ENA1112,A1112
1113,A1113,0,CNA1113,TWA1113,ENA1113,A1113
1114,A1114,0,CNA1114,TWA1114,ENA1114,A1114
1115,A1115,0,CNA1115,TWA1115,ENA1115,A1115
1116,A1116,0,CNA1116,TWA1116,ENA1116,A1116
1117,A1117,0,CNA1117,TWA1117,ENA1117,A1117
1118,A1118,0,CNA1118,TWA1118,ENA1118,A1118
1119,A1119,0,CNA1119,TWA1119,ENA1119,A1119
1120,A1120,0,CNA1120,TWA1120,ENA1120,A1120
1121,A1121,0,CNA1121,TWA1121,ENA1121,A1121
1122,A1122,0,CNA1122,TWA1122,ENA1122,A1122
1123,A1123,0,CNA1123,TWA1123,ENA1123,A1123
1124,A1124,0,CNA1124,TWA1124,ENA1124,A1124
1125,A1125,0,CNA1125,TWA1125,ENA1125,A1125
1126,A1126,0,CNA1126,TWA1126,ENA1126,A1126
1127,A1127,0,CNA1127,TWA1127,ENA1127,A1127
1128,A1128,0,CNA1128,TWA1128,ENA1128,A1128
1129,A1129,0,CNA1129,TWA1129,ENA1129,A1129
1130,A1130,0,CNA1130,TWA1130,ENA1130,A1130
1131,A1131,0,CNA1131,TWA1131,ENA1131,A1131
1132,A1132,0,CNA1132,TWA1132,ENA1132,A1132
1133,A1133,0,CNA1133,TWA1133,ENA1133,A1133
1134,A1134,0,CNA1134,TWA1134,ENA1134,A1134
1135,A1135,0,CNA1135,TWA1135,ENA1135,A1135
1136,A1136,0,CNA1136,TWA1136,ENA1136,A1136
1137,A1137,0,CNA1137,TWA1137,ENA1137,A1137
1138,A1138,0,CNA1138,TWA1138,ENA1138,A1138
1139,A1139,0,CNA1139,TWA1139,ENA1139,A1139
1140,A1140,0,CNA1140,TWA1140,ENA1140,A1140
1141,A1141,0,CNA1141,TWA1141,ENA1141,A1141
1142,A1142,0,CNA1142,TWA1142,ENA1142,A1142
1143,A1143,0,CNA1143,TWA1143,ENA1143,A1143
1144,A1144,0,CNA1144,TWA1144,ENA1144,A1144
1145,A1145,0,CNA1145,TWA1145,ENA1145,A1145
1146,A1146,0,CNA1146,TWA1146,ENA1146,A1146
1147,A1147,0,CNA1147,TWA1147,ENA1147,A1147
1148,A1148,0,CNA1148,TWA1148,ENA1148,A1148
1149,A1149,0,CNA1149,TWA1149,ENA1149,A1149
1150,A1150,0,CNA1150,TWA1150,ENA1150,A1150
1151,A1151,0,CNA1151,TWA1151,ENA1151,A1151
1152,A1152,0,CNA1152,TWA1152,ENA1152,A1152
1153,A1153,0,CNA1153,TWA1153,ENA1153,A1153
1154,A1154,0,CNA1154,TWA1154,ENA1154,A1154
1155,A1155,0,CNA1155,TWA1155,ENA1155,A1155
1156,A1156,0,CNA1156,TWA1156,ENA1156,A1156
1157,A1157,0,CNA1157,TWA1157,ENA1157,A1157
1158,A1158,0,CNA1158,TWA1158,ENA1158,A1158
1159,A1159,0,CNA1159,TWA1159,ENA1159,A1159
1160,A1160,0,CNA1160,TWA1160,ENA1160,A1160
1161,A1161,0,CNA1161,TWA1161,ENA1161,A1161
1162,A1162,0,CNA1162,TWA1162,ENA1162,A1162
1163,A1163,0,CNA1163,TWA1163,ENA1163,A1163
1164,A1164,0,CNA1164,TWA1164,ENA1164,A1164
1165,A1165,0,CNA1165,TWA1165,ENA1165,A1165
1166,A1166,0,CNA1166,TWA1166,ENA1166,A1166
1167,A1167,0,CNA1167,TWA1167,ENA1167,A1167
1168,A1168,0,CNA1168,TWA1168,ENA1168,A1168
1169,A1169,0,CNA1169,TWA1169,ENA1169,A1169
1170,A1170,0,CNA1170,TWA1170,ENA1170,A1170
1171,A1171,0,CNA1171,TWA1171,ENA1171,A1171
1172,A1172,0,CNA1172,TWA1172,ENA1172,A1172
1173,A1173,0,CNA1173,TWA1173,ENA1173,A1173
1174,A1174,0,CNA1174,TWA1174,ENA1174,A1174
1175,A1175,0,CNA1175,TWA1175,ENA1175,A1175
1176,A1176,0,CNA1176,TWA1176,ENA1176,A1176
1177,A1177,0,CNA1177,TWA1177,ENA1177,A1177
1178,A1178,0,CNA1178,TWA1178,ENA1178,A1178
1179,A1179,0,CNA1179,TWA1179,ENA1179,A1179
1180,A1180,0,CNA1180,TWA1180,ENA1180,A1180
1181,A1181,0,CNA1181,TWA1181,ENA1181,A1181
1182,A1182,0,CNA1182,TWA1182,ENA1182,A1182
1183,A1183,0,CNA1183,TWA1183,ENA1183,A1183
1184,A1184,0,CNA1184,TWA1184,ENA1184,A1184
1185,A1185,0,CNA1185,TWA1185,ENA1185,A1185
1186,A1186,0,CNA1186,TWA1186,ENA1186,A1186
1187,A1187,0,CNA1187,TWA1187,ENA1187,A1187
1188,A1188,0,CNA1188,TWA1188,ENA1188,A1188
1189,A1189,0,CNA1189,TWA1189,ENA1189,A1189
1190,A1190,0,CNA1190,TWA1190,ENA1190,A1190
1191,A1191,0,CNA1191,TWA1191,ENA1191,A1191
1192,A1192,0,CNA1192,TWA1192,ENA1192,A1192
1193,A1193,0,CNA1193,TWA1193,ENA1193,A1193
1194,A1194,0,CNA1194,TWA1194,ENA1194,A1194
1195,A1195,0,CNA1195,TWA1195,ENA1195,A1195
1196,A1196,0,CNA1196,TWA1196,ENA1196,A1196
1197,A1197,0,CNA1197,TWA1197,ENA1197,A1197
1198,A1198,0,CNA1198,TWA1198,ENA1198,A1198
1199,A1199,0,CNA1199,TWA1199,ENA1199,A1199
1200,A1200,0,CNA1200,TWA1200,ENA1200,A1200
1201,A1201,0,CNA1201,TWA1201,ENA1201,A1201
1202,A1202,0,CNA1202,TWA1202,ENA1202,A1202
1203,A1203,0,CNA1203,TWA1203,ENA1203,A1203
1204,A1204,0,CNA1204,TWA1204,ENA1204,A1204
1205,A1205,0,CNA1205,TWA1205,ENA1205,A1205
1206,A1206,0,CNA1206,TWA1206,ENA1206,A1206
1207,A1207,0,CNA1207,TWA1207,ENA1207,A1207
1208,A1208,0,CNA1208,TWA1208,ENA1208,A1208
1209,A1209,0,CNA1209,TWA1209,ENA1209,A1209
1210,A1210,0,CNA1210,TWA1210,ENA1210,A1210
1211,A1211,0,CNA1211,TWA1211,ENA1211,A1211
1212,A1212,0,CNA1212,TWA1212,ENA1212,A1212
1213,A1213,0,CNA1213,TWA1213,ENA1213,A1213
1214,A1214,0,CNA1214,TWA1214,ENA1214,A1214
1215,A1215,0,CNA1215,TWA1215,ENA1215,A1215
1216,A1216,0,CNA1216,TWA1216,ENA1216,A1216
1217,A1217,0,CNA1217,TWA1217,ENA1217,A1217
1218,A1218,0,CNA1218,TWA1218,ENA1218,A1218
1219,A1219,0,CNA1219,TWA1219,ENA1219,A1219
1220,A1220,0,CNA1220,TWA1220,ENA1220,A1220
1221,A1221,0,CNA1221,TWA1221,ENA1221,A1221
1222,A1222,0,CNA1222,TWA1222,ENA1222,A1222
1223,A1223,0,CNA1223,TWA1223,ENA1223,A1223
1224,A1224,0,CNA1224,TWA1224,ENA1224,A1224
1225,A1225,0,CNA1225,TWA1225,ENA1225,A1225
1226,A1226,0,CNA1226,TWA1226,ENA1226,A1226
1227,A1227,0,CNA1227,TWA1227,ENA1227,A1227
1228,A1228,0,CNA1228,TWA1228,ENA1228,A1228
1229,A1229,0,CNA1229,TWA1229,ENA1229,A1229
1230,A1230,0,CNA1230,TWA1230,ENA1230,A1230
1231,A1231,0,CNA1231,TWA1231,ENA1231,A1231
1232,A1232,0,CNA1232,TWA1232,ENA1232,A1232
1233,A1233,0,CNA1233,TWA1233,ENA1233,A1233
1234,A1234,0,CNA1234,TWA1234,ENA1234,A1234
1235,A1235,0,CNA1235,TWA1235,ENA1235,A1235
1236,A1236,0,CNA1236,TWA1236,ENA1236,A1236
1237,A1237,0,CNA1237,TWA1237,ENA1237,A1237
1238,A1238,0,CNA1238,TWA1238,ENA1238,A1238
1239,A1239,0,CNA1239,TWA1239,ENA1239,A1239
1240,A1240,0,CNA1240,TWA1240,ENA1240,A1240
1241,A1241,0,CNA1241,TWA1241,ENA1241,A1241
1242,A1242,0,CNA1242,TWA1242,ENA1242,A1242
1243,A1243,0,CNA1243,TWA1243,ENA1243,A1243
1244,A1244,0,CNA1244,TWA1244,ENA1244,A1244
1245,A1245,0,CNA1245,TWA1245,ENA1245,A1245
1246,A1246,0,CNA1246,TWA1246,ENA1246,A1246
1247,A1247,0,CNA1247,TWA1247,ENA1247,A1247
1248,A1248,0,CNA1248,TWA1248,ENA1248,A1248
1249,A1249,0,CNA1249,TWA1249,ENA1249,A1249
1250,A1250,0,CNA1250,TWA1250,ENA1250,A1250
1251,A1251,0,CNA1251,TWA1251,ENA1251,A1251
1252,A1252,0,CNA1252,TWA1252,ENA1252,A1252
1253,A1253,0,CNA1253,TWA1253,ENA1253,A1253
1254,A1254,0,CNA1254,TWA1254,ENA1254,A1254
1255,A1255,0,CNA1255,TWA1255,ENA1255,A1255
1256,A1256,0,CNA1256,TWA1256,ENA1256,A1256
1257,A1257,0,CNA1257,TWA1257,ENA1257,A1257
1258,A1258,0,CNA1258,TWA1258,ENA1258,A1258
1259,A1259,0,CNA1259,TWA1259,ENA1259,A1259
1260,A1260,0,CNA1260,TWA1260,ENA1260,A1260
1261,A1261,0,CNA1261,TWA1261,ENA1261,A1261
1262,A1262,0,CNA1262,TWA1262,ENA1262,A1262
1263,A1263,0,CNA1263,TWA1263,ENA1263,A1263
1264,A1264,0,CNA1264,TWA1264,ENA1264,A1264
1265,A1265,0,CNA1265,TWA1265,ENA1265,A1265
1266,A1266,0,CNA1266,TWA1266,ENA1266,A1266
1267,A1267,0,CNA1267,TWA1267,ENA1267,A1267
1268,A1268,0,CNA1268,TWA1268,ENA1268,A1268
1269,A1269,0,CNA1269,TWA1269,ENA1269,A1269
1270,A1270,0,CNA1270,TWA1270,ENA1270,A1270
1271,A1271,0,CNA1271,TWA1271,ENA1271,A1271
1272,A1272,0,CNA1272,TWA1272,ENA1272,A1272
1273,A1273,0,CNA1273,TWA1273,ENA1273,A1273
1274,A1274,0,CNA1274,TWA1274,ENA1274,A1274
1275,A1275,0,CNA1275,TWA1275,ENA1275,A1275
1276,A1276,0,CNA1276,TWA1276,ENA1276,A1276
1277,A1277,0,CNA1277,TWA1277,ENA1277,A1277
1278,A1278,0,CNA1278,TWA1278,ENA1278,A1278
1279,A1279,0,CNA1279,TWA1279,ENA1279,A1279
1280,A1280,0,CNA1280,TWA1280,ENA1280,A1280
1281,A1281,0,CNA1281,TWA1281,ENA1281,A1281
1282,A1282,0,CNA1282,TWA1282,ENA1282,A1282
1283,A1283,0,CNA1283,TWA1283,ENA1283,A1283
1284,A1284,0,CNA1284,TWA1284,ENA1284,A1284
1285,A1285,0,CNA1285,TWA1285,ENA1285,A1285
1286,A1286,0,CNA1286,TWA1286,ENA1286,A1286
1287,A1287,0,CNA1287,TWA1287,ENA1287,A1287
1288,A1288,0,CNA1288,TWA1288,ENA1288,A1288
1289,A1289,0,CNA1289,TWA1289,ENA1289,A1289
1290,A1290,0,CNA1290,TWA1290,ENA1290,A1290
1291,A1291,0,CNA1291,TWA1291,ENA1291,A1291
1292,A1292,0,CNA1292,TWA1292,ENA1292,A1292
1293,A1293,0,CNA1293,TWA1293,ENA1293,A1293
1294,A1294,0,CNA1294,TWA1294,ENA1294,A1294
1295,A1295,0,CNA1295,TWA1295,ENA1295,A1295
1296,A1296,0,CNA1296,TWA1296,ENA1296,A1296
1297,A1297,0,CNA1297,TWA1297,ENA1297,A1297
1298,A1298,0,CNA1298,TWA1298,ENA1298,A1298
1299,A1299,0,CNA1299,TWA1299,ENA1299,A1299
1300,A1300,0,CNA1300,TWA1300,ENA1300,A1300
1301,A1301,0,CNA1301,TWA1301,ENA1301,A1301
1302,A1302,0,CNA1302,TWA1302,ENA1302,A1302
1303,A1303,0,CNA1303,TWA1303,ENA1303,A1303
1304,A1304,0,CNA1304,TWA1304,ENA1304,A1304
1305,A1305,0,CNA1305,TWA1305,ENA1305,A1305
1306,A1306,0,CNA1306,TWA1306,ENA1306,A1306
1307,A1307,0,CNA1307,TWA1307,ENA1307,A1307
1308,A1308,0,CNA1308,TWA1308,ENA1308,A1308
1309,A1309,0,CNA1309,TWA1309,ENA1309,A1309
1310,A1310,0,CNA1310,TWA1310,ENA1310,A1310
1311,A1311,0,CNA1311,TWA1311,ENA1311,A1311
1312,A1312,0,CNA1312,TWA1312,ENA1312,A1312
1313,A1313,0,CNA1313,TWA1313,ENA1313,A1313
1314,A1314,0,CNA1314,TWA1314,ENA1314,A1314
1315,A1315,0,CNA1315,TWA1315,ENA1315,A1315
1316,A1316,0,CNA1316,TWA1316,ENA1316,A1316
1317,A1317,0,CNA1317,TWA1317,ENA1317,A1317
1318,A1318,0,CNA1318,TWA1318,ENA1318,A1318
1319,A1319,0,CNA1319,TWA1319,ENA1319,A1319
1320,A1320,0,CNA1320,TWA1320,ENA1320,A1320
1321,A1321,0,CNA1321,TWA1321,ENA1321,A1321
1322,A1322,0,CNA1322,TWA1322,ENA1322,A1322
1323,A1323,0,CNA1323,TWA1323,ENA1323,A1323
1324,A1324,0,CNA1324,TWA1324,ENA1324,A1324
1325,A1325,0,CNA1325,TWA1325,ENA1325,A1325
1326,A1326,0,CNA1326,TWA1326,ENA1326,A1326
1327,A1327,0,CNA1327,TWA1327,ENA1327,A1327
1328,A1328,0,CNA1328,TWA1328,ENA1328,A1328
1329,A1329,0,CNA1329,TWA1329,ENA1329,A1329
1330,A1330,0,CNA1330,TWA1330,ENA1330,A1330
1331,A1331,0,CNA1331,TWA1331,ENA1331,A1331
1332,A1332,0,CNA1332,TWA1332,ENA1332,A1332
1333,A1333,0,CNA1333,TWA1333,ENA1333,A1333
1334,A1334,0,CNA1334,TWA1334,ENA1334,A1334
1335,A1335,0,CNA1335,TWA1335,ENA1335,A1335
1336,A1336,0,CNA1336,TWA1336,ENA1336,A1336
1337,A1337,0,CNA1337,TWA1337,ENA1337,A1337
1338,A1338,0,CNA1338,TWA1338,ENA1338,A1338
1339,A1339,0,CNA1339,TWA1339,ENA1339,A1339
1340,A1340,0,CNA1340,TWA1340,ENA1340,A1340
1341,A1341,0,CNA1341,TWA1341,ENA1341,A1341
1342,A1342,0,CNA1342,TWA1342,ENA1342,A1342
1343,A1343,0,CNA1343,TWA1343,ENA1343,A1343
1344,A1344,0,CNA1344,TWA1344,ENA1344,A1344
1345,A1345,0,CNA1345,TWA1345,ENA1345,A1345
1346,A1346,0,CNA1346,TWA1346,ENA1346,A1346
1347,A1347,0,CNA1347,TWA1347,ENA1347,A1347
1348,A1348,0,CNA1348,TWA1348,ENA1348,A1348
1349,A1349,0,CNA1349,TWA1349,ENA1349,A1349
1350,A1350,0,CNA1350,TWA1350,ENA1350,A1350
1351,A1351,0,CNA1351,TWA1351,ENA1351,A1351
1352,A1352,0,CNA1352,TWA1352,ENA1352,A1352
1353,A1353,0,CNA1353,TWA1353,ENA1353,A1353
1354,A1354,0,CNA1354,TWA1354,ENA1354,A1354
1355,A1355,0,CNA1355,TWA1355,ENA1355,A1355
1356,A1356,0,CNA1356,TWA1356,ENA1356,A1356
1357,A1357,0,CNA1357,TWA1357,ENA1357,A1357
1358,A1358,0,CNA1358,TWA1358,ENA1358,A1358
1359,A1359,0,CNA1359,TWA1359,ENA1359,A1359
1360,A1360,0,CNA1360,TWA1360,ENA1360,A1360
1361,A1361,0,CNA1361,TWA1361,ENA1361,A1361
1362,A1362,0,CNA1362,TWA1362,ENA1362,A1362
1363,A1363,0,CNA1363,TWA1363,ENA1363,A1363
1364,A1364,0,CNA1364,TWA1364,ENA1364,A1364
1365,A1365,0,CNA1365,TWA1365,ENA1365,A1365
1366,A1366,0,CNA1366,TWA1366,ENA1366,A1366
1367,A1367,0,CNA1367,TWA1367,ENA1367,A1367
1368,A1368,0,CNA1368,TWA1368,ENA1368,A1368
1369,A1369,0,CNA1369,TWA1369,ENA1369,A1369
1370,A1370,0,CNA1370,TWA1370,ENA1370,A1370
1371,A1371,0,CNA1371,TWA1371,ENA1371,A1371
1372,A1372,0,CNA1372,TWA1372,ENA1372,A1372
1373,A1373,0,CNA1373,TWA1373,ENA1373,A1373
1374,A1374,0,CNA1374,TWA1374,ENA1374,A1374
1375,A1375,0,CNA1375,TWA1375,ENA1375,A1375
1376,A1376,0,CNA1376,TWA1376,ENA1376,A1376
1377,A1377,0,CNA1377,TWA1377,ENA1377,A1377
1378,A1378,0,CNA1378,TWA1378,ENA1378,A1378
1379,A1379,0,CNA1379,TWA1379,ENA1379,A1379
1380,A1380,0,CNA1380,TWA1380,ENA1380,A1380
1381,A1381,0,CNA1381,TWA1381,ENA1381,A1381
1382,A1382,0,CNA1382,TWA1382,ENA1382,A1382
1383,A1383,0,CNA1383,TWA1383,ENA1383,A1383
1384,A1384,0,CNA1384,TWA1384,ENA1384,A1384
1385,A1385,0,CNA1385,TWA1385,ENA1385,A1385
1386,A1386,0,CNA1386,TWA1386,ENA1386,A1386
1387,A1387,0,CNA1387,TWA1387,ENA1387,A1387
1388,A1388,0,CNA1388,TWA1388,ENA1388,A1388
1389,A1389,0,CNA1389,TWA1389,ENA1389,A1389
1390,A1390,0,CNA1390,TWA1390,ENA1390,A1390
1391,A1391,0,CNA1391,TWA1391,ENA1391,A1391
1392,A1392,0,CNA1392,TWA1392,ENA1392,A1392
1393,A1393,0,CNA1393,TWA1393,ENA1393,A1393
1394,A1394,0,CNA1394,TWA1394,ENA1394,A1394
1395,A1395,0,CNA1395,TWA1395,ENA1395,A1395
1396,A1396,0,CNA1396,TWA1396,ENA1396,A1396
1397,A1397,0,CNA1397,TWA1397,ENA1397,A1397
1398,A1398,0,CNA1398,TWA1398,ENA1398,A1398
1399,A1399,0,CNA1399,TWA1399,ENA1399,A1399
1400,A1400,0,CNA1400,TWA1400,ENA1400,A1400
1401,A1401,0,CNA1401,TWA1401,ENA1401,A1401
1402,A1402,0,CNA1402,TWA1402,ENA1402,A1402
1403,A1403,0,CNA1403,TWA1403,ENA1403,A1403
1404,A1404,0,CNA1404,TWA1404,ENA1404,A1404
1405,A1405,0,CNA1405,TWA1405,ENA1405,A1405
1406,A1406,0,CNA1406,TWA1406,ENA1406,A1406
1407,A1407,0,CNA1407,TWA1407,ENA1407,A1407
1408,A1408,0,CNA1408,TWA1408,ENA1408,A1408
1409,A1409,0,CNA1409,TWA1409,ENA1409,A1409
1410,A1410,0,CNA1410,TWA1410,ENA1410,A1410
1411,A1411,0,CNA1411,TWA1411,ENA1411,A1411
1412,A1412,0,CNA1412,TWA1412,ENA1412,A1412
1413,A1413,0,CNA1413,TWA1413,ENA1413,A1413
1414,A1414,0,CNA1414,TWA1414,ENA1414,A1414
1415,A1415,0,CNA1415,TWA1415,ENA1415,A1415
1416,A1416,0,CNA1416,TWA1416,ENA1416,A1416
1417,A1417,0,CNA1417,TWA1417,ENA1417,A1417
1418,A1418,0,CNA1418,TWA1418,ENA1418,A1418
1419,A1419,0,CNA1419,TWA1419,ENA1419,A1419
1420,A1420,0,CNA1420,TWA1420,ENA1420,A1420
1421,A1421,0,CNA1421,TWA1421,ENA1421,A1421
1422,A1422,0,CNA1422,TWA1422,ENA1422,A1422
1423,A1423,0,CNA1423,TWA1423,ENA1423,A1423
1424,A1424,0,CNA1424,TWA1424,ENA1424,A1424
1425,A1425,0,CNA1425,TWA1425,ENA1425,A1425
1426,A1426,0,CNA1426,TWA1426,ENA1426,A1426
1427,A1427,0,CNA1427,TWA1427,ENA1427,A1427
1428,A1428,0,CNA1428,TWA1428,ENA1428,A1428
1429,A1429,0,CNA1429,TWA1429,ENA1429,A1429
1430,A1430,0,CNA1430,TWA1430,ENA1430,A1430
1431,A1431,0,CNA1431,TWA1431,ENA1431,A1431
1432,A1432,0,CNA1432,TWA1432,ENA1432,A1432
1433,A1433,0,CNA1433,TWA1433,ENA1433,A1433
1434,A1434,0,CNA1434,TWA1434,ENA1434,A1434
1435,A1435,0,CNA1435,TWA1435,ENA1435,A1435
1436,A1436,0,CNA1436,TWA1436,ENA1436,A1436
1437,A1437,0,CNA1437,TWA1437,ENA1437,A1437
1438,A1438,0,CNA1438,TWA1438,ENA1438,A1438
1439,A1439,0,CNA1439,TWA1439,ENA1439,A1439
1440,A1440,0,CNA1440,TWA1440,ENA1440,A1440
1441,A1441,0,CNA1441,TWA1441,ENA1441,A1441
1442,A1442,0,CNA1442,TWA1442,ENA1442,A1442
1443,A1443,0,CNA1443,TWA1443,ENA1443,A1443
1444,A1444,0,CNA1444,TWA1444,ENA1444,A1444
1445,A1445,0,CNA1445,TWA1445,ENA1445,A1445
1446,A1446,0,CNA1446,TWA1446,ENA1446,A1446
1447,A1447,0,CNA1447,TWA1447,ENA1447,A1447
1448,A1448,0,CNA1448,TWA1448,ENA1448,A1448
1449,A1449,0,CNA1449,TWA1449,ENA1449,A1449
1450,A1450,0,CNA1450,TWA1450,ENA1450,A1450
1451,A1451,0,CNA1451,TWA1451,ENA1451,A1451
1452,A1452,0,CNA1452,TWA1452,ENA1452,A1452
1453,A1453,0,CNA1453,TWA1453,ENA1453,A1453
1454,A1454,0,CNA1454,TWA1454,ENA1454,A1454
1455,A1455,0,CNA1455,TWA1455,ENA1455,A1455
1456,A1456,0,CNA1456,TWA1456,ENA1456,A1456
1457,A1457,0,CNA1457,TWA1457,ENA1457,A1457
1458,A1458,0,CNA1458,TWA1458,ENA1458,A1458
1459,A1459,0,CNA1459,TWA1459,ENA1459,A1459
1460,A1460,0,CNA1460,TWA1460,ENA1460,A1460
1461,A1461,0,CNA1461,TWA1461,ENA1461,A1461
1462,A1462,0,CNA1462,TWA1462,ENA1462,A1462
1463,A1463,0,CNA1463,TWA1463,ENA1463,A1463
1464,A1464,0,CNA1464,TWA1464,ENA1464,A1464
1465,A1465,0,CNA1465,TWA1465,ENA1465,A1465
1466,A1466,0,CNA1466,TWA1466,ENA1466,A1466
1467,A1467,0,CNA1467,TWA1467,ENA1467,A1467
1468,A1468,0,CNA1468,TWA1468,ENA1468,A1468
1469,A1469,0,CNA1469,TWA1469,ENA1469,A1469
1470,A1470,0,CNA1470,TWA1470,ENA1470,A1470
1471,A1471,0,CNA1471,TWA1471,ENA1471,A1471
1472,A1472,0,CNA1472,TWA1472,ENA1472,A1472
1473,A1473,0,CNA1473,TWA1473,ENA1473,A1473
1474,A1474,0,CNA1474,TWA1474,ENA1474,A1474
1475,A1475,0,CNA1475,TWA1475,ENA1475,A1475
1476,A1476,0,CNA1476,TWA1476,ENA1476,A1476
1477,A1477,0,CNA1477,TWA1477,ENA1477,A1477
1478,A1478,0,CNA1478,TWA1478,ENA1478,A1478
1479,A1479,0,CNA1479,TWA1479,ENA1479,A1479
1480,A1480,0,CNA1480,TWA1480,ENA1480,A1480
1481,A1481,0,CNA1481,TWA1481,ENA1481,A1481
1482,A1482,0,CNA1482,TWA1482,ENA1482,A1482
1483,A1483,0,CNA1483,TWA1483,ENA1483,A1483
1484,A1484,0,CNA1484,TWA1484,ENA1484,A1484
1485,A1485,0,CNA1485,TWA1485,ENA1485,A1485
1486,A1486,0,CNA1486,TWA1486,ENA1486,A1486
1487,A1487,0,CNA1487,TWA1487,ENA1487,A1487
1488,A1488,0,CNA1488,TWA1488,ENA1488,A1488
1489,A1489,0,CNA1489,TWA1489,ENA1489,A1489
1490,A1490,0,CNA1490,TWA1490,ENA1490,A1490
1491,A1491,0,CNA1491,TWA1491,ENA1491,A1491
1492,A1492,0,CNA1492,TWA1492,ENA1492,A1492
1493,A1493,0,CNA1493,TWA1493,ENA1493,A1493
1494,A1494,0,CNA1494,TWA1494,ENA1494,A1494
1495,A1495,0,CNA1495,TWA1495,ENA1495,A1495
1496,A1496,0,CNA1496,TWA1496,ENA1496,A1496
1497,A1497,0,CNA1497,TWA1497,ENA1497,A1497
1498,A1498,0,CNA1498,TWA1498,ENA1498,A1498
1499,A1499,0,CNA1499,TWA1499,ENA1499,A1499
1500,A1500,0,CNA1500,TWA1500,ENA1500,A1500
1501,A1501,0,CNA1501,TWA1501,ENA1501,A1501
1502,A1502,0,CNA1502,TWA1502,ENA1502,A1502
1503,A1503,0,CNA1503,TWA1503,ENA1503,A1503
1504,A1504,0,CNA1504,TWA1504,ENA1504,A1504
1505,A1505,0,CNA1505,TWA1505,ENA1505,A1505
1506,A1506,0,CNA1506,TWA1506,ENA1506,A1506
1507,A1507,0,CNA1507,TWA1507,ENA1507,A1507
1508,A1508,0,CNA1508,TWA1508,ENA1508,A1508
1509,A1509,0,CNA1509,TWA1509,ENA1509,A1509
1510,A1510,0,CNA1510,TWA1510,ENA1510,A1510
1511,A1511,0,CNA1511,TWA1511,ENA1511,A1511
1512,A1512,0,CNA1512,TWA1512,ENA1512,A1512
1513,A1513,0,CNA1513,TWA1513,ENA1513,A1513
1514,A1514,0,CNA1514,TWA1514,ENA1514,A1514
1515,A1515,0,CNA1515,TWA1515,ENA1515,A1515
1516,A1516,0,CNA1516,TWA1516,ENA1516,A1516
1517,A1517,0,CNA1517,TWA1517,ENA1517,A1517
1518,A1518,0,CNA1518,TWA1518,ENA1518,A1518
1519,A1519,0,CNA1519,TWA1519,ENA1519,A1519
1520,A1520,0,CNA1520,TWA1520,ENA1520,A1520
1521,A1521,0,CNA1521,TWA1521,ENA1521,A1521
1522,A1522,0,CNA1522,TWA1522,ENA1522,A1522
1523,A1523,0,CNA1523,TWA1523,ENA1523,A1523
1524,A1524,0,CNA1524,TWA1524,ENA1524,A1524
1525,A1525,0,CNA1525,TWA1525,ENA1525,A1525
1526,A1526,0,CNA1526,TWA1526,ENA1526,A1526
1527,A1527,0,CNA1527,TWA1527,ENA1527,A1527
1528,A1528,0,CNA1528,TWA1528,ENA1528,A1528
1529,A1529,0,CNA1529,TWA1529,ENA1529,A1529
1530,A1530,0,CNA1530,TWA1530,ENA1530,A1530
1531,A1531,0,CNA1531,TWA1531,ENA1531,A1531
1532,A1532,0,CNA1532,TWA1532,ENA1532,A1532
1533,A1533,0,CNA1533,TWA1533,ENA1533,A1533
1534,A1534,0,CNA1534,TWA1534,ENA1534,A1534
